nome;telefone;ultima_visita;obs
Você (TROQUE PELO SEU NÚMERO);11 90000-0001;15/06/2026;linha de demo - troque pelo seu numero pra receber ao vivo
Maria Silva;11 90000-0002;20/05/2026;prefere manha
Joao Souza;11 90000-0003;10/08/2026;
Ana Lima;11 90000-0004;02/03/2026;cliente VIP
Carlos Pereira;11 90000-0005;28/08/2026;recente - nao entra no corte de 30d
Fernanda Costa;11 90000-0006;05/07/2026;
Roberto Dias;11 90000-0007;12/01/2026;sumido ha muito tempo
Juliana Rocha;11 90000-0008;22/09/2026;veio semana passada
Pedro Henrique;11 90000-0009;18/06/2026;
Camila Alves;11 90000-0010;01/09/2026;
